Ref,Val,Package,PosX,PosY,Rot,Side
"C4","100n","C0603",-12.070000,28.300000,90.000000,bottom
"C5","1u","C0603",-9.541994,28.247000,90.000000,bottom
"C843","10n","C0603",-15.235997,34.277000,-90.000000,bottom
"C844","10n","C0603",-15.196997,31.465000,90.000000,bottom
"C845","100n","C0603",-16.400997,32.787000,-90.000000,bottom
"D842","B5819W","SOD-123",-85.808000,33.442000,180.000000,bottom
"D843","B5819W","SOD-123",-85.954000,36.457000,180.000000,bottom
"D844","B5819W","SOD-123",-23.702000,84.847000,180.000000,bottom
"D845","B5819W","SOD-123",-23.702000,87.008000,180.000000,bottom
"D846","NUP2105L","SOT-23",-16.452003,29.349000,90.000000,bottom
"F844","50mA","Fuse_0603_1608Metric",-129.520000,54.430000,0.000000,bottom
"F845","50mA","Fuse_0603_1608Metric",-151.249000,39.039000,0.000000,bottom
"F846","50mA","Fuse_0603_1608Metric",-151.340000,53.575000,0.000000,bottom
"F847","50mA","Fuse_0603_1608Metric",-129.990000,80.885000,0.000000,bottom
"F848","50mA","Fuse_0603_1608Metric",-151.437500,67.042500,0.000000,bottom
"F849","50mA","Fuse_0603_1608Metric",-129.635000,38.362500,0.000000,bottom
"F850","50mA","Fuse_0603_1608Metric",-129.410000,67.055000,0.000000,bottom
"F851","50mA","Fuse_0603_1608Metric",-151.150000,81.635000,0.000000,bottom
"L841","470R@100MHz","L_0603_1608Metric",-15.417003,25.735000,90.000000,bottom
"L842","470R@100MHz","L_0603_1608Metric",-17.430003,25.897000,90.000000,bottom
"R7","DNP","R0805",-13.028999,65.176000,0.000000,bottom
"R8","DNP","R0805",-12.947000,68.228000,0.000000,bottom
"R10","10k","R0805",-9.334020,65.154000,0.000000,bottom
"R11","10k","R0805",-9.381000,68.258000,0.000000,bottom
"R316","4.7k","R0603",-72.622000,32.968072,0.000000,bottom
"R317","4.7k","R0603",-72.593000,34.413000,0.000000,bottom
"R318","4.7k","R0603",-72.656000,35.843072,0.000000,bottom
"R319","4.7k","R0603",-72.622000,37.366000,0.000000,bottom
"R320","4.7k","R0603",-10.576000,84.395000,0.000000,bottom
"R321","4.7k","R0603",-10.591000,85.788072,0.000000,bottom
"R322","4.7k","R0603",-10.621000,87.174000,0.000000,bottom
"R323","4.7k","R0603",-10.635000,88.567072,0.000000,bottom
"R700","22","R0603",-129.340000,65.145000,180.000000,bottom
"R701","22","R0603",-150.950000,78.995000,180.000000,bottom
"R867","22","R0603",-129.520000,52.430000,180.000000,bottom
"R868","22","R0603",-151.342000,37.484000,180.000000,bottom
"R869","22","R0603",-151.452500,51.912500,180.000000,bottom
"R870","0","R_2512_6332Metric",-135.600000,47.285000,-90.000000,bottom
"R871","0","R_2512_6332Metric",-145.240000,31.305000,-90.000000,bottom
"R872","0","R_2512_6332Metric",-145.390000,46.445000,-90.000000,bottom
"R873","22","R0603",-129.880000,78.885000,180.000000,bottom
"R874","22","R0603",-151.415000,64.780000,180.000000,bottom
"R875","22","R0603",-129.635000,36.362500,180.000000,bottom
"R876","0","R_2512_6332Metric",-135.855000,73.500000,-90.000000,bottom
"R877","0","R_2512_6332Metric",-145.287500,59.277500,-90.000000,bottom
"R878","0","R_2512_6332Metric",-136.140000,31.475000,-90.000000,bottom
"R879","0","R_2512_6332Metric",-135.750000,60.175000,-90.000000,bottom
"R880","0","R_2512_6332Metric",-145.180000,73.685000,-90.000000,bottom
"R900","22","R0603",-97.190000,38.475000,180.000000,bottom
"R901","22","R0603",-97.430000,53.945000,180.000000,bottom
"R902","22","R0603",-96.610000,66.835000,180.000000,bottom
"R903","22","R0603",-96.660000,81.115000,180.000000,bottom
"R904","22","R0603",-120.400000,80.365000,180.000000,bottom
"R905","22","R0603",-120.080000,66.705000,180.000000,bottom
"R906","22","R0603",-120.260000,54.195000,180.000000,bottom
"R907","22","R0603",-119.900000,38.665000,180.000000,bottom
"U842","VNLD5160TR-E","SOIC-8_3.9x4.9mm_P1.27mm",-78.161000,35.111000,0.000000,bottom
"U843","VNLD5160TR-E","SOIC-8_3.9x4.9mm_P1.27mm",-16.063000,86.408000,0.000000,bottom
"U846","MAX31855KASA","SOIC-8_3.9x4.9mm_P1.27mm",-10.661003,32.956000,180.000000,bottom
"D1","SS34","D_SMA",8.914000,72.120000,90.000000,top
"F1","12H1500D","PAD-1206-PAD",142.960000,96.805000,90.000000,top
"F841","12H1500D","PAD-1206-PAD",95.091010,41.814000,180.000000,top
"F842","12H1500D","PAD-1206-PAD",147.770000,96.315000,90.000000,top
"F843","12H1500D","PAD-1206-PAD",91.490000,55.695000,180.000000,top
"J22","USB_B_Mini","USB-MINI-B-VERTICAL",110.530000,99.985000,90.000000,top
"M1","Module-power_12and5V-0.3","power_12and5V",117.099997,108.844995,-90.000000,top
"M2","Module-knock-0.2","knock",29.009002,49.386000,90.000000,top
"M3","Module-vr-discrete-0.5","vr-discrete",50.323000,43.703000,90.000000,top
"M4","Module-vr-max9924-0.1","vr-max9924",39.847000,43.621000,90.000000,top
"M5","Module-wbo-0.5","wbo",56.585000,59.025000,-90.000000,top
"M6","Module:mega-mcu100/0.3","mega-mcu100",41.179990,67.795010,0.000000,top
"M7","Module-can-0.1","can",74.577001,54.727003,0.000000,top
"M8","Module-motor-driver-0.1","motor-driver",73.205000,43.450000,0.000000,top
"M9","Module-ign8-0.2","ign8",95.013379,85.229995,90.000000,top
"P1","368255-2","368255-2",82.000000,12.985000,0.000000,top
"Q1","AO3400A","SOT-23",15.417000,73.478500,-90.000000,top
"Q3","ISL9V3040D3ST","TO-252-2",30.249000,33.010000,90.000000,top
"Q841","ISL9V3040D3ST","TO-252-2",129.740000,48.365000,-90.000000,top
"Q842","ISL9V3040D3ST","TO-252-2",151.415000,32.210000,-90.000000,top
"Q843","ISL9V3040D3ST","TO-252-2",151.562500,47.847500,-90.000000,top
"Q844","ISL9V3040D3ST","TO-252-2",129.795000,74.820000,-90.000000,top
"Q845","ISL9V3040D3ST","TO-252-2",151.470000,60.715000,-90.000000,top
"Q846","ISL9V3040D3ST","TO-252-2",129.830000,32.297500,-90.000000,top
"Q847","ISL9V3040D3ST","TO-252-2",129.487500,60.825000,-90.000000,top
"Q849","ISL9V3040D3ST","TO-252-2",151.120000,74.795000,-90.000000,top
"Q900","ISL9V3040D3ST","TO-252-2",97.227500,32.775000,-90.000000,top
"Q901","ISL9V3040D3ST","TO-252-2",97.365000,48.320000,-90.000000,top
"Q902","ISL9V3040D3ST","TO-252-2",96.740000,61.565000,-90.000000,top
"Q903","ISL9V3040D3ST","TO-252-2",96.570000,76.270000,-90.000000,top
"Q904","ISL9V3040D3ST","TO-252-2",120.460000,75.385000,-90.000000,top
"Q905","ISL9V3040D3ST","TO-252-2",120.040000,61.205000,-90.000000,top
"Q906","ISL9V3040D3ST","TO-252-2",120.330000,48.355000,-90.000000,top
"Q907","ISL9V3040D3ST","TO-252-2",119.930000,32.625000,-90.000000,top
"R1","22","R0603",34.559000,28.003000,90.000000,top
"R3","1k","R0603",12.932000,73.654500,90.000000,top
"R4","4.7k","R0603",15.392000,76.494572,180.000000,top
"R9","DNP","R0805",51.628000,51.678000,-90.000000,top
"R12","10k","R0805",51.569000,55.304000,-90.000000,top
"R305","10k","R0603",87.750000,98.925000,0.000000,top
"R307","10k","R0603",84.900000,98.985000,0.000000,top
"R309","10k","R0603",89.400000,97.345000,0.000000,top
"R311","10k","R0603",86.540000,97.355000,0.000000,top
"R313","10k","R0603",91.190000,95.775000,0.000000,top
"R315","10k","R0603",88.370000,95.785000,0.000000,top
"R325","10k","R0603",89.180000,94.215000,0.000000,top
"R327","10k","R0603",92.060000,94.295000,0.000000,top
"R841","33k","R0603",66.110000,63.645000,0.000000,top
"R842","6.8k","R0603",67.136000,66.790000,180.000000,top
"R843","4.7k","R0603",33.971000,42.801000,0.000000,top
"R847","0","R0603",44.003000,61.276000,90.000000,top
"R848","0","R0603",48.692072,61.477000,90.000000,top
"U1","BTS6143D","TO-252-4",14.271000,64.708000,-90.000000,top
